Purchased,PriceDifference,SalesExperience,CustomerTenure,SalesTraining
0,-1.708958646173908,4.219995052817778,3.691319867840383,0
0,9.179373146793532,5.7197781709379525,1.8265058067852609,0
0,17.416844613123807,4.838994818939426,3.9767930365556596,0
0,-1.3171636153603024,4.673565666619499,1.0787649630899034,0
0,3.5557660898466743,7.27550734114574,1.1718993556782857,0
0,9.221814213200934,2.6539764355767947,3.0633897269635812,0
0,1.0305898640899742,4.985123291543685,2.8021451710909613,0
0,8.391504049627658,2.4118082036795276,4.182734188186716,0
0,3.801381610767323,5.705336750746698,-1.8316774842996093,0
1,-5.4943954286470715,3.940705870408663,3.8615517626001536,0
0,-6.648762096944717,6.942976692354813,1.5879727723839723,0
0,-1.959946634862888,4.945428084261631,-0.17951918036226644,0
0,-2.9879702608529497,7.075715028144511,2.225533350879581,0
0,6.778559184471079,7.779797076105579,2.6602482650826564,0
1,-7.191434884735922,5.042628389400302,3.241009962536746,0
0,-6.71219799545421,5.448448023120816,0.5135103399897196,0
1,2.1908666925907694,5.60106699388542,3.8175287163123413,0
1,-2.7381769018399758,6.119530967665718,1.4661222563770484,0
0,-1.3314746978447072,5.527815067103577,0.022621903107296504,0
1,-1.5876915341329607,4.738436105847309,0.2888866892367177,0
0,-1.2859332996786788,6.509811768416514,4.385557405301566,0
0,-1.5045506321549549,2.7875742177276304,3.169486950957457,0
1,-1.334187830337096,7.945971601303902,2.9094442421163293,0
0,-2.6245568708663427,8.15414847913526,1.144124922550333,0
1,-3.1794102444831913,5.708189549986472,1.9384769154638282,0
0,7.941410682787673,5.844751982106965,5.249566316014414,0
0,-0.642442617228846,3.5936120032080523,2.0222558198072855,0
0,2.7413218054954664,5.650792940142644,3.9348465054990416,0
0,-2.9021009482392164,5.2175905390980155,-2.078087269458085,0
0,7.4376901543755745,6.4398282930507325,5.9475528317868545,0
0,-0.45378613652472144,4.567839068180684,2.007308190760336,0
1,-9.22351518160317,6.756797924560239,6.602027185778988,0
0,6.873667153085819,4.367158259505613,2.7050360090804833,0
1,2.246428890192448,4.749686986096834,1.0132010411096108,0
0,4.632375263105297,5.778613928762591,2.6474718231972316,0
0,3.725768962098252,5.284331954499655,3.3524523533094635,0
0,2.0987787509615226,4.572305010700224,5.698143274176669,0
0,1.6895504513202135,3.7658691885013713,3.781358586736395,0
1,-10.634024183303284,1.944257471827565,6.003004993669293,0
0,-8.174670883838363,2.538008357267032,-1.5412992015838523,0
0,7.5128052091611215,2.4150484652281965,3.7692667087750498,0
1,1.6869246001395315,2.8957970309379077,2.011306372462208,0
1,-8.344290897500281,7.82950549306818,1.531802846238627,0
0,0.5421267598627552,5.7565644681174994,3.86806358841783,0
1,-1.9017612804341248,8.178128494082259,6.356494747023273,0
0,-1.6035595885481284,6.945138105488364,6.952308766026638,0
0,3.0399352817042082,4.825988625328322,-1.7459918794587903,0
0,3.799579357174266,5.995178999623087,2.025131301750494,0
0,2.3910944179140485,1.7341992024811939,1.4812644401683295,0
0,10.826819373068888,2.164775852851836,1.5612384792208738,0
0,2.4471241490989044,6.32715665896062,0.9584180936548465,0
0,4.929184514345529,6.245192304021645,6.329717822449647,0
1,2.5020984553818555,8.270591351478908,5.027144405704359,0
0,-12.324999129925478,5.471670547815337,3.9593610821860876,0
1,0.20764180783766958,4.328693711990072,1.887284774053225,1
0,6.95643749735392,3.1770315747461177,4.980183884664798,0
0,4.534721241313421,6.448762531448156,4.859476836807685,0
0,-7.816472717984474,6.010675986070709,2.5570218395093645,0
1,-3.6016552582207186,5.136675537306619,2.57938942066406,0
1,-1.0560480109586758,5.864026871360938,2.694131489784846,0
1,-11.483140245365929,6.710671560713247,-0.732076530962714,0
0,3.1449608686285986,3.676404650018677,4.660623151016006,1
1,2.004276772934051,7.30973020433086,3.5068963089704472,0
0,1.1091444100844745,5.189939001049906,2.246665914722553,0
1,2.1611672377795377,3.765390338646982,3.4596502040622537,0
1,8.507041596383097,2.6573899386113813,4.705183493866195,0
1,-17.668476881781775,3.324493981179362,4.484214867434124,0
0,-2.888869968778359,4.879295306036092,6.102507831048738,0
1,-1.2858442225080615,6.439180973120623,5.262024421785108,0
1,-9.456052493641577,4.677982439701641,-0.10818782074404121,0
0,2.2356437962600264,4.8189126701835265,5.536610800908901,0
0,6.419502134011045,4.943775581535147,3.1487695721526774,0
0,-9.385783760119022,3.7391782279790133,3.367857389440635,0
0,-5.196819581011449,4.451828705485102,-1.2211009426880084,0
0,-5.041774772722808,5.425698160186933,0.04649552379183364,0
1,-2.932530798704536,7.568477231383649,3.7089931925990007,0
1,16.42606896166861,8.197936750052373,1.6102375664426423,0
1,-0.998655099594551,4.578250097253121,4.254488315156672,0
1,-2.7533050259620357,3.8206078938700734,5.093379260103065,0
1,-7.118133510042256,6.677375667042135,9.24938445628154,0
0,-4.029308515472683,4.3943456816337525,1.1510631524075032,0
1,-12.53553436686092,6.076161138687479,2.1048647799170115,0
1,-1.4184142665577733,3.1027482231233847,3.486092082840193,0
0,0.5048799264655882,5.826782960704419,1.2885834809492962,0
0,-2.914034524567582,4.952059070348227,1.0691273287974772,0
0,4.097799664372431,4.777924111950506,2.263076563606678,0
1,2.154377945913545,5.096156058217876,5.751349525003082,0
0,13.284211618924143,4.266067758599473,1.0929144055506899,0
0,10.73294497542985,5.696066012576059,4.705553280929439,0
0,-2.072637137077857,5.042863615863526,1.2120686344231362,0
1,5.143474647683667,7.19117564251316,0.9624928904092718,0
1,-8.452690438708013,5.8823954777421115,4.594462821778962,0
1,1.5694781995777676,4.759803549680798,6.0017774822555,0
0,-0.14648085925469362,3.4321674337676056,3.990475545887673,0
0,4.937946095938269,5.452394286200961,1.4551294712280247,0
1,-10.563146069892476,6.092304023206719,2.201703073233224,0
0,2.9861236589314464,4.053683451787666,2.939951094965779,0
0,0.7128575320703114,3.95013442810927,2.435775876319858,0
0,4.881011604244264,6.561631696952161,2.7609003715115845,0
1,-3.2443885298618134,3.7512719488862465,3.1820809126378102,0
0,1.7630797042012263,4.015879036632121,1.4957360699798463,0
1,3.1516167494622835,4.531112249093721,1.9376626267898642,0
0,4.576060721089145,5.903750236309422,7.022967528307272,0
0,5.808321890456321,7.242490216375541,7.5837518231932135,0
0,-4.616488330867594,4.488983002540211,-0.038046957883368204,0
0,-9.12821274075645,3.5622863174131956,1.4135536990403426,0
1,-3.6995685833353993,7.076220021576381,8.564692418688985,0
0,7.364468655302445,4.622337292976065,0.5389333325540906,0
1,0.5395661595237922,4.004364451017468,2.5303368750768622,0
0,-1.9333643461111911,3.8756507032695824,1.1688091882155687,0
1,8.043879162981211,3.4457294318936604,1.0446477806549193,0
1,-5.063399009769428,1.9146922483175577,3.7619675051327732,0
1,8.74563477661318,4.838974419658748,0.7050476076463292,0
1,11.5770961074303,7.073663307973599,3.9057793780910757,0
0,3.7898146494824436,6.478037287562272,2.7434951168690755,0
1,-14.219081683379846,5.678600979990096,3.5594690496833756,0
0,-0.33275509687815347,7.094625834600659,8.04419610732406,0
0,10.500940986575806,2.437111267123938,2.6277783491806184,0
0,13.492190792412192,6.666836501520874,2.4692388224600426,0
0,-0.8753252656898476,3.7492218767036274,-1.5561130316068104,0
0,8.184131288640927,6.905074599683097,-0.6794543934256811,0
1,1.2669381085227456,8.824764516822366,0.3449939990860651,0
1,-3.3393347510840394,7.038709547239135,2.46086121342123,0
1,4.657788613358904,4.661172443714025,4.250030712948065,0
1,-4.803113140908055,4.31422250103373,5.227999957231148,0
0,0.8456487543787791,5.174902966619693,4.18932990056981,1
1,7.854819145139653,5.062284435387937,1.7716970008401114,0
0,0.34442377188437207,1.75887214742189,0.6842365377126458,0
1,-7.8598645317984,5.567905993957137,-1.296316726798941,0
0,0.8823078580725126,2.8567845815330575,5.6825069509411765,0
0,0.9797401452272143,5.501995902396352,-2.644628500451682,0
0,-2.404333173578318,6.999390647090264,3.7682356508210284,0
0,-3.358503745032276,5.721389147512827,2.448120645304143,0
0,-2.9713456749552383,3.738091374191047,6.5252153234656,0
0,-6.136566246694567,7.009239765997113,1.3001640774764103,0
1,-0.22151473503533523,5.700030506810704,5.868500678616586,0
1,-9.681535927057372,3.4846826750655557,0.556152746484555,0
0,-0.7841665270663726,2.451371732114416,5.288676137431814,0
0,-1.108339915094522,5.522800690021432,7.759322223576792,0
0,1.398348537468642,6.4275173381593405,2.892273888971325,0
1,-1.8071537466346461,1.993187672923157,2.4758534740252465,0
0,4.199720146288825,5.982071864127328,-1.980780966930194,0
0,-6.423523670869301,2.865424846100591,5.217013090502214,0
1,0.5436592866802749,5.839853431559201,-1.486114863239881,0
0,-3.933616843524132,5.73309692408926,3.7767161463010366,0
1,3.4110898765118036,5.450448993044448,1.0663277493292822,0
0,-5.747556350689171,6.169412650809956,3.092540689342173,0
1,-11.022818794164873,4.062507434839529,2.076238883859857,0
1,-2.3863533590258754,2.3310005793072097,1.7626312701734184,0
0,-6.95062550397093,6.326428127528427,5.074329207908324,0
0,-3.1111876139306816,6.88424770998777,2.31368173191188,0
1,-9.757565737126127,3.560613500496684,2.489169816706797,0
0,7.440656974385729,4.919262778817577,7.2654347559002055,0
0,0.192594707711909,6.493786673930483,0.2831696436830411,0
0,1.4245841438363345,5.282687029252837,1.8106459174542664,0
0,10.811552674483945,8.558574582385553,3.116606008982076,0
0,4.258353950146873,5.018609548127416,1.9437667443565834,0
0,-4.724345820347383,2.6962020985539703,1.0112084082053432,0
1,4.751138737195302,3.570259109308884,1.835232899667877,0
1,-8.294157137439944,6.150224045025559,2.0375557175759207,0
1,-3.1200740587504407,5.9170253882873185,-1.9612504521212788,0
0,-9.738564349489694,3.8988823899966842,5.207561369759832,0
1,-1.0725210656508695,5.903933908232344,3.468194221208916,0
0,1.2853369402868071,3.1444250052520646,5.855670588461398,0
1,-15.44382429740606,4.219331346486988,2.425439794440548,0
0,-0.15850297494519172,3.851222485491083,-1.3096502046601488,0
0,1.1216737353366808,4.110130301269436,3.252263057100385,0
1,-9.71585796904783,4.552433919810884,1.0967425098088417,0
1,-5.466615063699092,6.844893483261052,-1.318677676268357,0
0,-7.474914330436034,3.3373455299484585,2.362586418665076,0
1,-3.525608931617181,3.0992060208469505,3.901011111761456,0
0,-0.8535496031536192,3.3643315334053634,4.092145902217073,0
1,9.226967881183889,3.601868252202549,3.6239834498359795,0
0,-7.124485450438734,5.398635694523483,0.24016738701405815,0
0,2.185032409497702,4.20029066485058,0.7540899531502441,0
1,4.840946331431975,4.697601756795026,4.04621007715844,0
0,-16.82443724778341,5.455148328742988,1.5314316933202645,0
0,-9.616625387497974,7.249328773136566,3.8011492669008975,0
0,4.214560252405691,3.5704673857575626,4.217411503995244,0
1,1.0546081295204988,6.7144209703779,6.122449237698879,0
1,-2.7544053141538014,3.365478362257294,1.1662914601336904,0
0,-3.065114613268996,3.3952639176268766,1.5606638752898454,0
0,1.6135736852118947,2.818702620145261,2.201658178800316,0
1,5.45409416364857,7.681115013327025,2.94415604513678,0
0,4.6007441106944365,4.765825238588977,2.381722700641518,0
0,0.749790112168435,6.605037684040554,2.091205995065008,0
0,8.191266017530486,4.5749307254641876,2.907489752320874,0
1,5.8141493559077695,4.587895450730378,7.235390946944507,0
1,-4.400913372524045,4.858764265926901,6.545405362281903,0
0,9.330212856858056,3.8909019577375314,3.759408850409401,0
1,2.9392578428092744,7.369122205957468,5.109898719846937,0
0,6.055809476280175,1.0174196235455693,4.678278716538843,0
0,-1.9001049077262089,5.95472638664228,5.765413902804019,0
1,-5.76904872204974,4.329952871711795,3.8045243542767047,0
0,3.1966877402310896,5.359822094638051,5.311017128902559,0
0,-4.574839531621277,6.145163196218755,1.4079123171031376,0
1,-6.883636006314742,6.350062600556081,6.141427931070703,0
0,-3.7831257954560447,3.925029459567643,4.069743466111953,0
1,-2.8915370840096943,2.9222251293735533,2.017443091272919,0
0,-3.0407792162697564,5.356593183260888,3.897159767209002,0
1,2.8923721625802923,3.0350983735640567,3.7073448117000014,0
0,0.27340862590927095,6.661603625717071,1.9670184718971113,0
0,-3.6172212017623013,8.335134286669428,1.9496236583318403,0
0,4.687959341401781,7.474235856513351,1.3206387324755173,0
1,-4.569249563912631,5.707952429030818,2.875576599534091,0
1,-9.297497330976158,6.566493440092168,-0.07900267541716888,0
0,17.12258888661938,4.730670721084434,2.1459500065138624,0
0,-7.019443596103459,2.4845369664312162,2.3497573769921285,0
1,2.7136021016275778,4.076482366367841,2.8084426055081404,0
0,-4.559011522974341,4.459250722564978,2.5549356550107634,0
0,-10.5363405124799,5.165701705242264,3.488403286169146,0
0,-6.71831766221092,4.440399731675589,5.677364920797944,0
0,2.9952806361600217,7.893996556083755,1.7898301173773163,0
0,-1.9444224428403214,4.218466621333494,2.2545811483013614,0
0,6.480889915297723,6.051707510124473,5.559606552307672,0
0,4.122620655261098,7.182806923113462,-1.3477688053345398,0
1,-8.117145299082955,3.8296152848193827,-0.24900447571115247,0
1,-7.270600587725979,5.142476860483896,-0.7110091863303141,0
0,-7.306554081792808,4.264296958481937,2.2179227274568167,0
1,-11.102916184715026,7.024433630262525,2.3706876125305945,0
1,-4.4566619328015635,8.19755006026755,5.90417682384372,0
0,-5.270773816109102,4.619213480806919,4.9771444863895224,0
1,-15.604111810196947,4.73017623339381,2.21130667935728,0
0,-8.05515823272155,3.1014993834198767,6.612484846637704,0
0,-7.5616414504090494,6.457504680915302,3.252686478895276,0
0,-12.740224123592618,3.1646539678230035,2.8844232739985243,0
1,5.326580920285709,5.416591916586499,1.2474457882761312,0
0,-11.108030855051968,6.127252470360101,-0.8091916306728657,0
0,0.7150537979932757,3.0499368370893656,3.757441319382597,0
0,4.669415057649939,7.542886528373415,-1.3444330661854433,0
1,-0.9619398364069899,5.682370343433884,2.7891074862285135,0
0,-3.360365819701579,3.5775896658155384,2.681455631713377,0
0,10.627492728103212,6.942773651973033,2.5507238939618047,0
0,0.9470985665580347,1.3334416675272243,-0.3307560227557871,0
1,-0.04210631993033847,6.769625005316398,1.6066806441649415,0
0,4.581703398248263,2.056906615344396,-1.3089676132182158,0
1,5.810546779818337,3.6997051960160707,7.9845988348455,0
1,-1.8693939901551244,3.6347760832602396,2.148570329879146,0
0,10.13753159612685,6.74623033067362,0.5369424091558992,0
0,17.085999163533486,6.599875785404692,4.079084751480856,0
1,-2.185109240468888,4.8982404956029155,1.9045592035264127,0
0,6.104256577983366,5.990946604336273,-0.5588696061798051,0
0,3.9818103909181035,4.695995067665281,0.5487444240223449,0
1,3.8532657289646832,6.424114125471661,8.255533841012475,0
1,-10.955260610715415,4.249791170393236,4.1608551897489825,0
0,6.008574250786674,4.2754765525325755,2.475209435338201,0
1,-1.3978833457911661,6.267396703398649,3.894504265270695,0
0,-6.336220753364583,4.295655965564194,2.692134030260643,0
0,9.558542559154354,4.418527103573635,6.784552887167976,0
0,6.9724965745511644,2.47968204374532,3.1276107826090462,0
1,-1.4655945374874504,5.736291384043081,2.3240040793131107,0
1,-3.4105723350659343,2.5999573301859322,1.97547421746686,0
1,-1.0173323359672408,1.2750173381241066,3.6637127759278805,0
1,8.639526514893195,4.050140728983596,2.7762770174328804,0
1,1.2815053820454994,6.494266456708209,2.3069421570080717,0
0,14.309893796892432,6.108366953820729,4.351711276322135,0
0,-1.9624053321664938,4.905584426270144,-0.18342715238926965,0
0,-1.7376692520424866,5.542704497847315,4.331370357798249,0
0,9.396709822365368,5.739639943646425,-0.05443304716577879,0
1,-2.0075227284658905,6.384806639254067,6.084126167743424,0
0,-6.521527989346264,3.748740483078068,2.1156395532529,0
0,8.015643766442746,2.926672593543905,3.48826236030521,0
0,4.583925029429631,4.053282478056773,4.829392570077983,0
0,-9.241956016849361,5.950859252667986,1.3511882177006178,0
1,2.4388689780922337,4.544454538371184,4.054279641157526,0
1,-4.621710080591347,5.013287148180541,6.956278933202237,0
1,2.6710391096214607,6.8058829534346446,6.359983103514483,0
1,4.708643603483348,3.944915742757562,4.643389000058885,0
0,-16.40516808095913,5.906680135179452,2.0676524573565214,0
0,-2.3563473367263543,4.671546968878179,0.48713689921007264,0
0,0.6747992273197888,2.7035891873180855,2.6190694975068736,0
1,3.4801327610768227,5.47065297202196,4.156707930217957,0
1,-0.7122842450358747,6.975681704776596,6.055357517166193,1
1,-9.748323121827449,1.9158747086506809,7.104423059262649,1
1,-2.0388869376475,5.95158919263402,4.743054024383687,1
0,-0.042259093189609874,4.543196094063728,-0.17811730387449876,0
1,-11.845388516203068,5.641523082224287,3.75507060566765,0
1,-18.236320420898274,4.625072389223452,1.5113127064849008,0
0,-15.474497683270537,7.444883899823771,4.529090280777366,0
0,4.5178123461442645,4.667882582554905,3.192630072540556,0
0,2.4312014899903063,5.407241303764728,1.695174051803287,0
0,-16.573866185580574,4.998407705257309,1.412427435713517,0
1,5.319950311808787,4.549046098100209,3.3005764924725307,0
1,-3.5403422064543815,5.450211336855941,2.5498005188868462,0
0,-5.047830090873531,5.106138495230218,3.871085697495971,0
0,-0.3227838152016095,5.417573713679953,0.9623560879792987,0
1,8.266051467914327,8.67521107786569,0.18176049822228446,0
1,5.240218286850523,7.850410493913589,2.4378337324403136,0
0,9.037955380971919,7.267286544960722,6.608509197421753,0
1,0.7980782654510897,5.826093343567625,1.8580827999474003,0
0,-3.107536596153147,5.179695701892653,5.728014932312442,0
1,-5.493853082013203,5.210607002503419,2.3705826500478815,0
0,-4.4535102993793005,4.822566887280356,-0.1812912004938263,0
0,9.852559197633648,4.565658915183801,1.014338576715675,0
1,-6.037300135010008,3.2852597462976276,3.797431768001415,0
1,-7.249888061532553,5.569743899477831,2.167812823728883,0
0,-6.9873791613838225,3.1168871508060847,3.9738802562879525,0
0,0.4315071431512614,4.063334273993303,1.8690761698391236,0
0,0.3797173021933928,4.1355115232845145,6.687605272501404,0
1,2.2169436737159867,4.066418427841704,5.564149031063392,1
1,2.448686151752116,2.9172911704323834,2.1776890596928693,0
1,16.455120413407943,5.901969239719075,2.348656356824238,0
0,-13.410144549705983,3.420208738287538,5.462307823576408,0
0,-1.2400878317773074,7.16296776707938,2.0500648472784695,0
1,-17.741001566139218,4.563419687628293,0.36965725591751664,0
0,0.03697567068304476,6.124800553211009,3.100939996079177,0
0,0.17165015728773084,5.3057941166885145,4.857350718661676,0
0,-2.7596260773275434,2.7556441923673307,1.5698399907001765,0
0,1.7329801003200918,3.5792580427928105,5.541017626749049,0
0,7.279847597185541,5.091410292265504,-0.004014454516746646,0
0,8.149380041341878,2.8781391260046774,0.6998775614399819,0
0,2.47017523055229,4.863008170608326,6.103795801541258,0
0,3.3048264164439654,7.76802018196077,4.553555244832529,0
0,-7.386592697241916,5.842218526978983,1.448407686325279,0
0,-0.5787333884747772,6.624690544064398,3.3305655779283145,0
0,-1.9025271062901747,4.9736294930028455,0.011850301044131317,0
0,-3.2366759070558477,4.942923122916771,-0.5315354757752604,0
1,-8.345083563859857,6.348387131742758,0.6898444753992976,0
0,9.873756459125616,7.130973904946872,4.843721469045157,0
1,-8.66550949468643,5.348280312613837,3.5985447250438005,0
1,-0.31026066411898595,5.380965034235105,-0.6316082839816359,0
1,5.1440977654119004,6.1886777956212455,7.369417359963086,0
0,-0.4979064535333259,3.4697187297556162,3.9639053567866855,0
0,10.480119063608146,4.216620673598623,1.9412396206589475,0
0,16.277650274766856,5.571870297524855,1.886344560700495,0
1,-0.26710191248215626,1.5804826523783886,2.5815852665926973,0
1,-5.928158597214213,3.6845559315449417,6.849559370989008,1
0,-2.9201868084246843,7.152147842168113,1.0216993494940814,0
0,-3.061016562441825,2.5168858840656676,4.591092304016395,0
1,0.3926576891404066,5.753182235338613,0.23769860299666856,0
1,-2.123225687250351,6.099413787875355,-0.5127152916859608,0
1,-0.9519082752310083,4.8516345019587295,2.180370332217879,0
0,5.672634146332226,3.543778209659208,5.739746972649622,0
0,-1.5454132146044965,4.820323312884078,1.148790830712988,0
0,5.7686731484374905,6.713375161064621,1.4699487103696538,0
1,21.410727337180393,6.0891682157714495,5.497928293860464,0
1,-3.334615251183124,3.4003335386061257,5.177578906461553,0
0,1.2348447955865771,5.534138632284643,3.0162124651597253,0
0,6.031207477797986,4.525229083551081,2.078989249572844,0
0,8.071303753709763,2.6198785629597285,2.0937665732176134,0
1,-15.061157407558555,3.3745799277309967,3.953535698141085,0
0,1.1340221426947188,3.4786102147431954,3.542569007138481,0
0,-7.732256549004171,5.020315433428693,3.6370806006041008,0
1,-9.471599148455226,5.358258164916715,1.7956269810978231,0
1,-8.970413987665856,7.545064618539156,-2.9542704121334866,0
0,9.073479834157306,4.427683601455593,3.0731172103712385,0
1,-8.485287334588211,6.076064119080279,7.226242295382042,0
1,-6.052933751393676,5.164762230356366,3.016556939204088,0
1,-17.09549225167605,5.028311329455487,6.53963762898772,0
1,0.23092776543566218,5.141363114882713,2.5218398547342233,0
1,3.382678638781242,6.539820094352928,3.4967502316763763,0
0,6.758684650872771,5.64650826243662,3.933499529766096,0
0,-1.6880211054768866,4.641253881511904,1.1242422722907646,0
0,0.19249158439395622,4.685227432882371,0.5936095018696323,0
0,5.402712527248564,4.048314064308132,-0.4709461471819245,0
0,7.929849635306073,4.377780992138871,3.4730057370203915,0
0,-0.21296212029177466,5.655336954996562,0.4872641064896448,0
0,11.064351473505713,6.489735856154604,1.6416499583504771,0
0,-10.84012207321822,7.999827950419922,7.530315077147891,0
1,11.435784577148212,7.214771980696953,1.8453515789588428,0
0,3.5956559337944896,6.640380584780333,3.89830724446072,0
1,-5.527910958801078,5.4569058947463605,4.410817713845875,0
0,7.031194776619136,4.368105358468493,2.0042495452863873,0
1,-1.9807008541512938,8.147979991613965,7.830063280196452,0
0,-0.7805243580092005,4.950516540846902,6.890243580664056,0
0,-6.705776143647946,5.2910979242407565,0.4787230002672711,0
1,-23.277579122413435,2.1635621122473028,3.5568595980475166,0
0,-0.21992641015893677,1.9855745540295113,2.5962781801646857,0
1,-5.190417705019096,4.800561755897668,3.326577409229406,0
0,10.704318121174776,5.077251583339517,2.3114056491853305,0
1,-1.3421480692364942,4.535297505660777,4.129194952267051,0
1,-16.495347103312874,7.509745276537631,3.9212241282372418,0
0,-0.5989244118313134,8.165005792188305,3.851293045823605,0
0,8.277108246244659,3.0566986580094566,3.7383468297391644,0
0,7.73014341569715,4.1274114384473,2.9678503101810145,0
0,4.972001594949648,4.99289230241848,2.188600155473269,0
0,4.633865140359454,7.894422003401671,4.450543463986188,0
1,3.3079371957349135,5.936846841341798,5.321693580088386,0
0,-6.766053930913707,5.193209108522158,2.553783821280348,0
1,0.17775478513540868,3.930426427309249,3.6065128660021704,0
1,4.215533980422345,5.846774826344372,7.4862528770490515,0
0,-2.583149420881277,8.014858541323756,3.4357131794905023,0
1,0.939503077846478,4.959004414415083,0.38792013922879764,0
0,-5.779547365559681,4.082799685308849,2.5980157113574673,0
0,7.099980369773485,5.604098495946812,2.8183636786044826,0
1,-8.990939843843147,3.8426712743323783,4.109282879408666,0
0,0.6900259515740558,3.5031037552791098,2.687989978445726,0
0,2.9969361634308727,4.949465348544556,0.008703900168609557,0
0,-4.320932969143237,6.256379673122149,0.4772521934851053,0
0,9.610870995083985,5.144416589820522,7.077094535277088,0
1,7.779321556149843,1.8064513402974836,5.672014285270487,0
1,4.4870876489948825,4.199390880666156,3.522892550950469,0
0,-3.6414160962278816,2.931741620315319,-0.2762770542713331,0
0,6.172052488208361,6.478876148550269,-0.1287078386769691,0
1,-6.766514945804049,4.672486817172596,1.4022152859227677,0
1,6.833482701476707,4.45945281202981,2.246223036544421,0
0,1.327962184903576,4.576512091888762,4.464025542271683,0
0,-6.471131018070151,3.4140332209867275,5.114938751316403,0
0,-9.797023293045797,5.726900946546715,0.6457658012349388,0
0,3.87802132261608,5.601438761913625,1.7098758133440248,0
1,-3.8257353471201814,8.148838796404519,-0.20846635405277203,0
1,-5.3317259322548205,3.004513083104512,3.677689189959064,0
1,-0.8536203724730129,1.2770156246898252,5.41184835900048,0
0,7.947231063040282,2.325504587041528,-0.6230071914576625,0
0,8.309478641655504,4.49924520664751,6.062088537669059,0
1,-8.258318349977195,5.147274839097168,2.8856586148463057,0
1,-1.3694791632383805,5.412257559000997,4.3804013249608476,0
1,0.05419641557809374,3.535948164878243,5.229337075512365,0
0,10.456724640306566,5.973954379445211,0.1421713983591295,0
0,9.993108139315732,4.2241928567851215,3.354595291435497,0
0,-7.00941410148487,5.340781416055847,2.370469211721332,0
0,-6.27881924173347,1.820213496000997,2.61523821635835,0
0,-13.520813444482457,4.28738813347479,3.9356432956533065,0
0,12.819382330277218,4.299012716330345,3.089692153435728,0
0,6.300049104780075,2.9122918531694313,0.7081117087372037,0
0,-4.1319543181644205,8.835015268298216,1.3719389132725253,0
1,-18.445735455162726,6.569737647209886,6.063336185027797,0
1,0.502181830275613,5.380562448564236,1.6681765683182093,0
1,-13.918468988364655,5.1071232280612255,10.720619856049588,0
0,-4.111191920561048,6.053176196948105,3.537560159221269,0
0,1.3074376130048182,7.070533233919664,2.683225840238892,0
1,2.7049199458668025,5.098234327074495,4.963923081125015,0
0,6.083464433312367,4.765887895925368,3.6713105386199407,0
1,-7.587281534970287,4.699163788442419,-0.7047050128444883,0
1,-3.8987323435063375,5.137586247143829,1.6996917377561112,0
0,8.458697925731721,3.3181664443158185,4.74663349393513,0
0,0.9549863812396879,4.60699097152703,3.3143363265933843,0
1,7.893786261402798,4.2038128791465565,5.657946087162625,0
0,2.3371867976892053,7.703829557321118,3.7782374948413624,0
0,-8.633061440563822,2.653410349027319,3.4103956885576445,0
0,4.559151115680606,3.607842982325232,1.1882618915041263,0
1,-2.041506633724546,6.781469024022661,5.140455653496884,0
0,17.128490114075447,4.928673546185605,3.751707732341232,0
1,-1.5902644478034098,5.439553764092555,8.080518990891537,0
1,-14.586977428343147,1.9866602431370626,1.5105992310981657,0
0,0.5264111908045226,3.5266715064595564,0.912846983710986,1
1,-8.516824628139362,5.368455262648427,3.9077918817813213,0
0,1.497081008428974,6.9017362741757635,-1.6956121042523904,0
1,-2.3098854442207597,2.854926723993447,1.7370545247331948,0
0,6.3777305521659935,4.981535279009951,1.724107220480301,0
1,2.3352725156337555,7.910652382916588,3.2257671763492333,0
1,0.8168427281165366,5.617520414169775,2.523222639088001,0
1,-10.458936876583468,4.219318102354617,5.547404107502192,0
1,-3.4787354044278813,5.777262943189138,4.35497043483149,0
0,-2.7468456437270894,3.621906530791031,2.940240826812336,0
0,0.1647109406097834,2.8376027074532377,-2.8107378612133296,0
1,7.047384141888452,1.82195225565177,3.5635902716163916,0
0,-6.149784439491088,3.975302002229851,5.644717983275539,0
1,-0.4769002823387059,7.840378898001161,4.794078012791695,0
0,11.855773450827092,6.52291670576761,1.644219335252568,0
0,0.193317319333619,3.6269827866471687,5.7698681533120215,0
0,6.907124840708393,6.7479024589797225,1.1071403820146548,0
1,-9.138041459597288,5.061642697864463,3.2875993516174775,0
1,3.242302100604407,4.2469841242291135,1.3040783954186084,0
0,8.999395137105799,3.7066094268023013,-2.412709470625483,0
1,-7.398456655268183,6.699527576730361,4.191576842811536,1
0,-12.544180518170666,4.410904117774449,4.12562295987547,0
0,0.48891768560993376,6.179940136892851,4.283917160325945,0
1,-19.71843998888475,1.9552522559316596,-1.1518533885418023,0
0,-6.836041219524604,3.247299223603206,-1.4389330157477724,0
0,8.584422379482822,4.670007200292578,6.751003002512649,0
0,5.854773580662953,2.1041160913854813,5.51867292210625,0
1,0.8484566443898447,5.400512265506279,3.785767472576239,0
0,-5.621090704419254,5.483307281654783,2.978560779086005,0
0,10.042413930713321,6.340949875200682,0.6470812622849005,0
0,-16.950939297771775,6.523436876908519,5.148977957982602,0
0,-0.4509008160372637,4.047465831017596,2.2501200633150944,0
0,-8.665288757327115,1.2510023573174505,5.451110126172759,0
0,15.651211285978732,4.783762899041866,3.6807825605265947,0
0,4.381033127604274,3.0235371900853396,2.089302005686659,0
1,2.9780231256186878,6.162352634196378,-0.8641993030991624,0
1,3.345907902828448,5.636588122686138,2.050195494668637,0
0,3.6964540029194484,7.358939801405459,2.361936910002821,0
0,17.063933253335087,5.629742199022402,1.5415165811685245,0
0,1.1144835258204684,7.598360135787781,2.999173473386221,0
0,7.877662120607254,4.679357235459159,6.5698694625153,0
0,12.119200365863815,6.1115188257622926,8.984769965492905,0
1,5.397774145230575,9.415080236738977,4.049496752378687,0
0,-13.965931257139461,3.8613264246101044,1.0096996650805325,0
0,5.170216048037976,7.225777130885688,3.7350840607028424,0
1,-11.930240188005174,7.779166790177578,2.9429478179987916,0
1,0.005095080363210251,5.0216824341426,0.9370067020503798,0
0,0.5779275754665092,3.300062852313128,3.3838099694588384,0
1,4.501145272236775,4.4253118366798905,2.0612192077659746,0
0,4.458497799637251,2.9163114650896738,4.627407575531427,0
0,5.449805409881971,3.495064449373843,2.81741103461368,0
1,-1.9267735640050043,7.298578769050421,4.334970512355946,0
0,5.6055837086104034,3.66420298947487,5.329041641108022,0
1,1.1153477530445015,5.002451038482222,-0.7807020476159079,0
0,6.356473802072903,5.76229325824224,3.697291279005791,0
0,3.125594011487193,5.34562477434361,1.9245728434243001,0
1,-8.091496941334755,4.068863859932005,5.480812436640921,0
1,-5.965121432671942,2.546216253576002,-1.6319333570796868,0
0,13.39255899380638,5.640697724041074,1.5300428841421836,0
0,10.768520540132496,4.755334789055763,4.264969374309725,0
1,-14.403484174493784,7.172848049895345,6.138586179666971,0
1,-0.7714999019452811,8.302458201389335,3.3596803668238326,0
0,5.377966592098662,1.5511223650692192,2.6802898287711714,0
0,8.955560949201596,5.3831709369447704,4.91811866222956,0
0,0.5595045717961427,6.789303268066137,4.427396344077742,0
1,-7.411978842131501,5.2259332146153845,6.2656073722672385,0
1,4.059693233805883,4.3578124999948,2.304150550310792,0
0,2.4569768142374766,4.692930533199331,1.9182550918038501,0
1,-9.798172688564414,5.838881982857998,3.266249162879511,0
0,-8.174198987958366,2.9345397275093545,4.79185857495207,0
0,5.4965519283781585,3.9788462042341664,4.7191542649974325,0
0,0.9006274554066042,7.26373173886475,1.5429492641647178,0
1,-7.878167094538184,3.5170268586182543,5.7206237405728455,0
1,-0.34191080693470516,5.294230395892656,5.476066732324732,0
1,3.3463181082987865,5.602720694086283,4.133679447522405,0
1,-2.8610251342872224,5.533951021269398,-2.7172056228506225,0
0,2.2934719362298477,2.341159120417544,2.949897954815058,1
0,4.4039324188395055,4.867698703339492,6.754215891998028,0
1,-2.2494528907681226,4.402420101159381,0.2912818975934668,0
0,1.608925000095323,3.951767386731212,6.604014749441417,0
1,-6.8132178889183965,7.2878359076893595,10.387572699368807,0
0,0.8372539970300195,6.495678019037946,3.985070786236395,0
0,9.316634663662407,5.205871497916817,3.252203668853848,0
0,5.3677977787779385,2.55038088964124,1.5798934922131875,0
1,-2.391545789432164,4.460066596444212,1.306251484324184,0
1,7.83300029863775,5.805771307026446,6.6466659017599685,0
1,-6.709232569072738,8.438671754279166,7.445856941614064,0
0,-9.420749966156059,4.773947800391779,-2.195654857308358,0
0,4.027194886027498,6.327069647003456,5.943372511051669,0
0,0.02213179982645617,3.5418040171670366,6.475793042393878,0
0,4.703947271740248,3.5644668579298795,-1.1580403860273085,0
0,7.817753019889823,3.697610600282654,-0.035507141627990624,0
0,-9.603962934607102,5.898098631345674,2.1927895779059616,0
0,9.268798714109904,5.240403833206383,2.3887883497239444,0
1,7.394919860745939,5.760586792597422,-0.9413008446498754,0
1,4.720498261627575,6.31749216765689,3.4339466226283077,0
0,5.522285002827951,6.8473235984224345,3.9861953526275764,0
1,1.4506033929375581,5.916549416556025,1.1581308942796515,0
0,1.8427430979085389,5.694376435156565,-2.0817859783676393,0
1,-11.56068322955107,3.792886681375326,4.494694326874935,0
1,-4.881747132550887,6.780939843242438,1.3449541911529141,0
0,2.3145162323614463,5.835381514041839,3.3175110577409286,0
1,17.35888344083716,5.875488780603347,2.6856861459056414,0
1,-8.761642479979605,5.516943231775997,-0.3184456070226114,0
0,-0.45591558355098316,5.66438908191228,3.811550238340699,0
1,-11.885577345433834,6.445151147837679,4.374350317938194,0
0,-2.550192036366824,3.07491791860205,3.7230851482615637,0
0,-8.024969185429047,6.662938435190366,1.3792039810053363,0
0,5.536438578482523,7.125153048600148,-0.44751906642275463,0
0,-6.018713069718317,6.464890066763844,1.4043315968471541,0
1,5.543142389831377,5.551323759870591,5.230434993208082,0
1,-3.4710592131096503,5.319299912182026,4.455571785726049,0
0,3.089861446716328,4.363227068160256,-0.08402316538981447,0
0,-0.0014748518739089009,6.127657083431691,2.6535309535025977,0
1,2.940701065255993,3.4402850942065335,1.6091138938037524,0
1,-3.733800831125319,4.625997433410655,2.3092612934011862,0
1,-0.7494887294468893,2.903789837518117,2.4524143660927944,0
0,-7.364468829845255,3.7982303087458393,4.421066176572232,0
1,5.671483001388215,5.354593422866717,3.4640349218776647,0
0,-1.2873899519850436,3.7126353938285375,2.7042518617524567,0
0,-8.80048723854279,2.708781985911399,2.5685089317239473,0
0,-1.4488265095394006,2.4589520362639385,0.9206962863830865,0
0,15.574086524369466,4.581013958079501,3.6413976449050063,0
0,-5.56600268457729,5.912231181977491,3.0852696887735664,0
0,-11.083572381159833,6.383168074521443,4.210769176334848,0
0,8.17859572385133,6.488691944708451,4.25433380760906,0
1,4.0141022892480445,3.5128091815785254,-2.7935819862239146,0
0,10.857899159219532,2.27792000456368,3.5892496203590145,0
0,6.169908921146994,5.93975565459132,0.9995371487147047,1
1,13.380397661964134,4.6096370467608585,0.5067081818914914,0
0,-1.5545479861306213,4.367901080117395,1.8646938600150076,0
1,-2.8224387572995306,4.508122774355626,5.321758928140108,0
0,10.510067970576957,5.943458760797567,5.175725418648509,0
1,10.479123771238202,8.041144959729944,7.3943048942010625,0
0,5.445162199412184,6.233260430109514,5.313800543524412,0
0,2.874514272748983,5.528411213250288,1.3677000158495853,0
0,-4.196765021758202,2.930282519688835,0.8381146591927671,0
0,-9.842303713184885,5.648875800533972,4.22412391905102,0
1,-6.175547941806895,5.2480827028075865,7.440789421575101,0
0,5.206477835299663,8.887284384617622,4.35243908498185,0
1,-9.869772397294632,3.895594995727209,3.35440404524871,0
0,3.7960333993244046,3.314178134839791,4.16426594423032,0
0,9.377662462673936,4.206284717416258,2.781212698043601,0
1,2.1785422365967526,4.860158573520003,3.220207721639113,0
0,-2.649471151384114,1.7704718910864607,3.0177729760924557,0
0,-0.8891727500603392,3.434891381745481,2.46987042906343,0
0,-1.4625618609025228,7.6872620433498895,2.232598284978107,0
0,3.2118906370698608,3.0285204140662696,-0.9216677777719244,0
0,-8.957842660189565,5.080576506599482,-1.7560809778490336,0
1,-1.7039195090020192,1.7608439740065434,2.534067309123558,0
0,3.7783300637887254,5.706657409487931,-1.2498030612979436,0
1,-10.728344320567295,3.803485271633857,-0.18669085050699596,0
0,2.105765352068639,4.967302043334911,-0.5670054181859343,0
0,3.848171607039757,6.613790237868606,2.6922371083865864,0
0,2.3238603218738687,3.261980337092818,2.4151516205126895,0
0,9.908895003903094,5.9350000861544645,2.039174972966132,0
0,1.0764398550728334,6.790582588990203,6.129117332855619,0
1,-0.22362140383173226,5.529828143117658,-1.3591726130975559,0
1,-11.876727954917206,3.368688419766244,4.653416939206885,0
0,-7.560350830918185,5.237611044638383,1.3179791406417518,0
1,-4.905040952978811,2.437563483687125,3.5178905343130347,0
0,12.615213725601876,8.372689412480824,2.592301009463942,0
0,9.283142621314822,5.078039986762597,2.691260865929931,0
0,6.592202238020585,3.5802175536371976,2.07243354885767,0
0,6.638981480715848,4.323484933207205,4.707575085720139,0
1,-3.474630962708884,3.788477849377509,0.005566299980828138,0
1,-14.747164122568265,6.204967501114588,4.101218073580505,0
0,-3.035944429805082,4.672011006837819,2.5580499304062942,0
1,1.1060163820938371,3.725882340311144,4.841800712503824,0
0,1.6207729349461208,4.065770096307879,3.695589735237731,0
0,-2.951160346116642,6.176473692719209,2.3284987817749783,0
1,10.862799688140429,6.061247642147514,4.558234758968698,0
0,-6.562572822749944,6.108775745453741,2.0751546065308353,0
0,0.5209545057332259,5.277083014640937,1.583950742169066,0
0,-3.273959225866008,5.407745359814114,4.742662495554622,0
1,5.33436978871793,5.650029526584729,9.228724868349058,0
0,0.2412541471044593,4.611474950304624,5.002102472004092,0
0,8.116881348707302,2.1234585928229617,2.769436030908838,0
0,3.169172829929946,7.178392339293126,2.4610852935727197,0
1,-4.254583159141849,5.088465582989034,3.622839702205418,0
1,-18.93122279849698,5.15228189606497,2.8522687766358135,0
1,-9.848511839673682,5.598002954331027,-1.540432762768618,0
1,-5.101131887672843,5.23061446554365,3.184309719057059,0
0,4.133345007897881,6.315972688245358,-2.928012612961557,0
0,-2.1890568416246174,4.745440307517932,4.480872500340532,0
0,-1.5664409050558363,7.325461002022595,1.3438077649552491,0
0,-0.5729775620631852,2.9522442809699885,4.843734904583283,0
1,3.5399578355366677,7.266215862366366,-1.249166975185343,0
1,0.3764373609393279,6.724556615282628,2.091309537632595,0
0,-4.265389304247653,7.301576722760974,0.9490132286280897,0
0,-2.1319772798195746,2.3515142784005167,2.5420222760794773,0
1,2.879993705078619,2.9637858521700466,2.824408920397926,0
0,-5.475356369715904,6.723511107254274,4.189168529843856,0
0,-3.6661099174239618,1.785217463386085,1.2189539234384692,0
1,-5.747081542019141,2.8553974496285637,3.1942305864949425,0
0,13.021879017302757,6.8422929464016695,3.0647162065764624,0
1,-3.6023651722592,4.514897360892602,0.9369683261437518,0
1,3.5529703665115218,2.232139226382248,3.2072363087574125,0
1,7.769786068323345,5.830900665014671,-0.9171721334268645,0
1,1.1025356629009877,6.282473584109492,-0.19546198942855808,0
0,8.206033659904893,4.431765408208867,3.0730601990872577,0
0,5.587601595845299,6.994302772213485,2.8597134481501394,0
1,2.0395340606056216,3.8829909207184032,3.739521906167572,0
1,-0.9222744498634137,3.2370166341509727,3.992826111412528,0
1,-10.952822474317491,3.1923226463487113,2.5545672851810326,0
0,-5.27450228724181,3.7006766650617102,1.37733213700698,0
0,-2.7055853888646086,5.415951034096714,2.7574321793024597,0
0,-5.42685866212472,6.0474258642946275,3.1018252649945564,0
1,2.823671912362598,5.643083459350942,4.0674475603452045,0
0,-4.15035626243492,5.691164060561257,1.22937736204102,0
1,-7.500844148486788,5.014244120156055,2.19712751986214,0
0,3.084419377256486,5.112805916071626,2.858536318088624,0
0,-2.6905361921167343,7.1063711283699735,-0.3838418338194005,0
1,-4.272614162080702,3.959605941883934,1.5439514641089198,0
1,-9.293465409956916,5.873782342874695,3.1878358141643823,0
0,-3.2460523231044696,6.6165497732684075,2.3096197021289147,0
0,6.234250633839852,7.1874740594939714,3.770108029316464,0
0,-9.527103374254176,6.9219059610020235,6.665260113696073,0
1,1.308563824462945,0.8918455041467412,4.161380179248396,0
1,3.6295688957425734,5.75546365368545,4.554242434042471,0
0,-1.9118501612395555,4.177404598335537,-1.6379669067846425,0
0,14.911698506390591,2.303573189400543,1.1927486274107804,0
0,-3.119543234672531,5.491418650946164,3.2538107571484076,0
0,16.344707013900784,3.9061716328919553,5.06922542868204,0
1,-5.881213900400317,4.4354549954751645,2.8434066283179615,0
1,-9.17582919068648,7.390032412690882,2.921534115756435,0
1,-2.908942622608579,7.487645331689174,4.092897631758832,0
1,-12.673489758745095,4.183354946318173,6.434934909212873,0
1,-13.19271970077132,5.522370076420818,7.380765611882399,0
1,-12.790581345724028,7.210876930916392,4.3802045672997565,0
1,-7.992996796203888,4.39494563066723,3.0274536846571447,0
0,-3.3933906091984225,3.752591438707077,-3.0028610971457974,0
0,1.5758941992903377,4.901553320029487,3.6079982696917403,0
0,-7.01846483901762,4.432590703781413,2.578535529612868,0
0,5.002172557121438,5.173133475664846,0.4557412207266216,0
0,4.246547579427592,2.158087697980567,3.1328384506270535,0
1,-2.194908796938848,6.2776122720813845,5.647959859982815,0
0,-1.0155856122684574,5.616495129096597,2.980722492005497,0
0,10.941707785323523,3.814436897485491,4.388229236778808,0
0,2.072011860346449,5.903959101486255,2.0784138579994327,0
0,7.24255562627742,5.00667631132529,5.020668408825256,0
0,3.4386777563774427,5.085680496490554,4.038848643849573,0
0,-10.126575798397402,6.47478699356337,-0.7375901626423316,0
0,1.7328684734797404,5.9843358161733375,2.0682171467004418,0
0,1.7771996046033292,6.5999762595458815,2.7052344050784907,0
0,-4.371336351466164,7.3284432488909745,2.1313233737255484,0
0,-2.8571003344508945,3.244558338076586,4.474295880996217,0
0,3.0367133194461786,4.694927026107636,3.061575721599872,0
0,-8.111924524300706,4.162113216513294,2.203063759980674,0
1,-11.855181179624285,4.876709955203432,6.227741695117427,0
1,-0.7244290547150363,4.606644260059406,1.1127008517928267,0
1,-3.7185567837887574,3.021878093081165,-2.9485686664424975,0
1,-3.6124414552646145,7.6493864283618995,1.984756237548776,0
0,-8.747595143499533,1.8580657934435414,-0.05275402251399264,0
1,-1.2315999694809892,3.8395610134137774,1.7669785795579518,0
1,-7.865513304356932,7.684002673799782,4.276885685216241,0
0,7.6794250327703555,6.9050550445185985,3.0303125426335518,0
1,-8.397462568561302,3.24446442274807,0.9875471522317918,0
0,-10.50940246097924,6.448517321460598,5.043147521621433,0
1,-6.054396831199979,4.7947168210684925,-0.8686439501829439,0
1,-9.174199830144108,1.3584940690794483,4.227852290915594,0
0,4.036417889366388,4.729134837318789,6.241076320382728,0
1,-13.060595863253532,4.933393957303582,-1.410225950566013,0
0,-3.8038015982098745,4.286119682817697,5.9095536265477095,0
0,-9.637535171466196,5.264789672282532,4.684011860944953,0
0,6.231231492276364,4.831715404787663,3.4190361252018966,0
1,5.6216714867251465,1.6485248900313927,3.153323017014357,0
0,1.815870605635734,3.8838641913240375,2.0839035744234495,0
0,5.671942677829083,6.2141909333886405,2.161446934515524,0
0,-13.627211104299532,7.270553805829124,-0.10727484770207818,0
0,-5.32959106172055,5.515616409224811,3.794552018396065,0
0,2.405700872343766,5.160359356866262,7.42616584203574,0
1,-7.951728151356411,1.4388144980560966,3.95295851340798,1
1,-13.867813492327798,5.4406561214495,5.083815815213803,0
1,-1.9838267394950466,3.5163309718428506,-0.7427963913551938,0
1,8.075382839671168,1.6378827793317279,0.6476828395390206,0
0,2.75466897933028,6.232589498317675,-0.9176077127161908,0
0,-4.717928279864505,5.180745487289539,2.561838207587142,0
0,-3.402641297701252,3.5701857810301605,0.8774454560104701,0
0,-1.698385272685233,4.8876337376641725,0.5303818456737384,0
0,2.8864810510330825,4.368317772297558,2.623363911978242,0
1,-1.1986923991167824,5.1981783109531605,5.270536914773929,0
0,3.4171531763913943,5.11781438610882,7.613126044953873,0
0,-2.2304549735760957,5.140494419989066,3.440352908192194,0
0,0.7288744243786102,5.644931257894843,2.866077540890193,1
0,4.373707895520881,4.235693380805129,4.875312527055473,0
0,3.1606744228846595,6.7237570039056385,2.6806929531703094,0
1,4.751377743846041,3.5072634169879686,4.7895926311439245,0
0,6.651801817894665,4.742347002510547,3.4826439398328466,0
0,-5.004652036369724,1.1306049084990093,0.3409589378597251,0
0,-6.773072638261145,5.06893464288567,0.5157863487878016,0
0,-12.660249209342394,4.450386364689725,-0.4830199346586719,0
0,18.731697523073045,5.517523804779437,4.500465661600071,0
1,3.836488872498592,5.923553925922688,-1.6544549345428532,1
0,-8.510414218036807,5.850577395303342,1.9268182780434908,1
1,-10.089135193487206,2.5003275449582314,5.0386676992334385,0
0,10.124903687721618,7.062857590259883,1.1033609858484743,0
1,-0.24442197066908247,2.552559989276669,3.662878283607216,0
0,1.177708665837998,6.89733610114428,1.3668870792999726,0
1,-0.5907842843152346,4.409700160193425,-1.131891470837334,0
0,11.833408681320773,5.978009267370404,3.1596602197963373,0
0,4.938063464469558,4.873232386784658,6.3525987612496895,0
1,13.847609285973865,8.25045023813213,2.8857903391184125,0
0,7.7874521455485,5.890155145056217,-2.565232885028724,0
0,-4.19054034459665,6.035759112646456,2.550395945660666,0
0,-2.1228678362388838,5.872449177501438,2.6323872448043577,0
1,0.6194793316479227,4.6514556008689745,5.909965936359145,0
0,1.5899640850783607,5.948525240148245,1.9527577704157206,0
0,13.116962571669172,3.4691086535926132,3.9889407289411642,0
1,12.45228146740899,4.78834779969082,4.225284615425344,0
0,2.397189190816461,2.5337215657745573,-3.114860554929071,0
0,11.206448961434381,4.878667951200475,3.6939998055225765,0
0,18.353616310965425,2.27723781724327,3.313178911815779,0
0,7.591295949658732,5.995896166275333,0.5292376827115897,0
1,-0.011525704229831384,5.244875625195859,-0.4561122133373252,0
0,-4.61464456680197,5.999770120355288,2.4757478694565327,0
1,-1.4961631523658987,5.00991096232063,3.264497887514725,0
1,6.017827543423842,6.497670564789971,5.040204854796248,0
0,1.9629270636134952,4.246782435299537,5.998921751448671,0
1,-5.789143309169543,5.991609018934544,4.2748870619543435,0
0,1.8923897881444658,4.5819188129932105,2.9551668010890895,0
0,-3.4020410685855524,5.805239418923768,1.8014727561296617,0
1,-8.076054802041883,5.710221018753264,6.864794598967363,0
0,0.9466092331162825,5.651129462927879,1.4895673141219434,0
0,3.224064860040823,5.633680522176425,3.76294645259821,0
1,0.8695336199755981,6.402829237913679,4.115482963686827,0
0,6.613253999120919,3.033766245975896,1.8521802306442836,0
0,0.21504626808913146,4.5054707001658505,2.2667489063657777,0
1,2.258982186033139,6.3191318124809985,-0.7927822691926378,0
1,-10.093366397582901,6.540105754189456,2.791685991470004,0
0,1.0645193386313956,6.004982538084294,0.6136914226214212,0
0,-5.2080038894821,1.9835267487487052,2.6614707461684186,0
0,2.362436268721353,6.621001242018387,-1.4941542383136532,0
1,-2.8438874289181384,3.8264363976973392,4.112653545773318,0
1,-7.233704710727656,5.163647664795829,0.9214964861544472,1
0,2.3172947108322415,5.458759664951486,2.0883218864503648,0
1,-5.552850590850712,4.8947945419720424,-1.0514498392658735,0
0,-1.6906078673275187,6.3819839696069565,2.1575129833125657,0
0,-7.385153907016624,1.2280351504504696,4.824917513905269,0
1,9.256428954944925,7.056983484893923,3.773322369390859,0
1,-1.1984148836270694,6.946898236455143,0.19671396175798117,0
0,-6.06335540740728,4.558579710643839,0.6068582801122036,0
0,-0.5346769421172696,6.996822393598737,1.9252993960428848,0
0,-4.6634078352153,3.9365626136960303,3.8555318188092933,0
1,3.6078815397318977,5.530843095074089,4.672322385409954,0
0,4.412812547586322,5.480324680788529,4.93329816800928,0
0,7.878811050805349,5.740480694497705,5.161542164624939,0
0,2.1408988040193337,5.457186542744234,2.6476518527520936,0
0,12.003213594260442,6.969697517552694,0.9704104932894113,0
1,-9.782595095093967,6.124117679118051,6.908048299716046,0
0,-0.10245811030509429,7.965401925460222,4.253453994692686,0
0,-3.018194781461564,3.2195693941476766,6.478522016532405,0
0,1.1022994814762366,4.009213542226704,3.5249553388141215,0
0,-14.057170006298529,3.077669472140936,5.266610092614706,0
0,1.3620459522316686,6.433120982803751,-2.1905790246820525,0
0,-0.4977346967343698,4.7763885953792276,2.111291761229409,0
1,-1.379149532149346,4.14840217559313,5.52469321393813,0
0,-5.400675265547919,6.0440920342546525,3.6808759690426416,0
0,4.106384746007193,4.627626566371074,1.9000865201723054,0
1,-2.615515052480835,5.824960172271906,5.513176710937711,0
0,2.841777636624317,6.259384555891508,5.2748651504213,0
0,-3.4827983408675083,4.178597409743674,-1.5062374137258026,0
0,-6.189038901813214,2.1807717615070303,9.10356678260054,0
0,-9.898978675313991,7.941532439132171,1.8188205760899991,0
0,-1.9935041623673777,4.890634577785331,6.55104565019357,0
1,3.4732802873320514,4.685341225639562,4.406961998261101,0
1,-2.702669437190075,3.51752573528416,0.8845490884804819,0
0,7.8355291787222745,5.617201652807811,5.692220562955796,0
0,-0.3772164099799382,7.1554482963389745,4.402573101470141,0
1,6.692168028226172,6.675019700461876,3.22466603603025,0
1,2.9848835859098397,5.955264008841008,4.0385363487731425,0
0,0.6275191243808536,5.510221207572566,0.603059944086811,0
0,6.93515158139803,4.486168394727082,0.7786133058081774,0
1,-6.0087498032848154,5.860373617270562,2.7373042584542766,0
1,-6.099318789391588,3.2564278214641034,2.209714699791222,0
0,-2.626133141647173,6.673159244183194,2.1817247884828235,0
0,0.4128407060971683,4.6042497936729925,-0.7236399537297924,0
0,10.61251651345595,6.048995845344952,-2.921998354042147,0
0,-6.324341799226698,2.646777961406906,7.978503251443154,0
0,3.0297206021432106,5.592333145113505,3.6765289668853507,0
0,5.495457945991225,3.676536521395561,4.951518463303027,0
0,1.9281180476948565,4.598689859233167,1.8958536053163786,0
1,-4.599173498029933,2.3495423348015647,5.186324484773317,0
0,-4.932543287661103,3.275032655230106,4.481040600931073,0
0,5.028539714057455,4.204635446701978,7.171063457835006,0
0,11.529845631733988,3.318181900040365,7.291673896733442,0
1,4.558668157191003,5.794418635426464,1.120696806687713,0
1,2.1150037078920616,6.937420155938472,3.408657268521891,0
1,7.247890964917428,4.315019720249399,4.760648026659593,0
1,-0.06274121983806162,6.160475645777384,4.498476834117985,0
1,-4.455641963550284,5.2743859822419905,1.501093618941923,0
1,-12.392834005113583,5.146484462905311,1.1347996108205194,0
0,-1.312381751652573,3.611174372609812,0.4865052728956174,0
0,-2.859256596396252,4.8636474969442895,2.3418494043265925,0
0,0.8544212910386154,5.999795111934577,3.5208077360008225,0
0,-8.533259067485156,7.47789851768861,4.968215983845297,0
1,-0.8290094849398641,3.9695205571239542,3.17647165497869,0
1,-6.550857495865771,5.963703063480193,2.0014125028973457,0
0,-0.10701197583537406,2.1459089442505532,5.368087135982335,0
1,-0.5064524679902407,4.56153846378875,4.045048488405793,0
1,-9.396189360204437,6.117285685511072,0.3012737104015244,0
0,-8.321926222821569,3.264178521834414,4.926246528770482,0
1,-1.617105483689424,5.977646330962313,-0.6110384610912662,0
0,-11.308789593100789,6.970429644412199,3.939870905425009,0
0,5.232976157650138,3.7200164274315464,-0.27094014003567723,0
0,-1.9209255555352374,1.0627698925027795,1.6296197681940758,0
1,-2.7584616203249697,6.302899995545355,-1.2356608816620867,0
1,9.626580365721647,7.469244398427774,4.156361928264847,0
1,-2.8841454518732856,7.88361678340436,4.3423664480522906,0
0,10.090893480164214,5.220885489723997,5.345500754547294,0
0,-2.18859647314443,6.117739588910748,2.560408295273407,0
1,1.5668446895071788,5.28057046967726,4.003241555279082,0
0,8.227336803020737,5.531168066957223,3.935141994427593,0
0,2.5624783120233627,4.309148213807831,6.540396896353612,0
0,7.811750512785314,4.996038389757999,3.3414058300251033,0
0,6.916043692217134,4.541377475717543,3.1728679709621797,0
0,9.552297078738683,2.961816850495072,3.1151499965536105,0
0,14.747258641283624,2.267149671531382,0.5191068490263082,0
1,-5.573754274674425,7.291013744811498,-1.990306526635253,0
1,-16.566076515087346,3.9888774577913786,3.039222282660729,0
0,10.61681833556358,5.5590613116960075,3.193907308291282,0
0,-12.76720734772626,4.698485872927237,3.051141481328263,0
0,3.603023265727949,6.601591457444041,2.2519587785390587,0
0,-1.065014748571332,6.579009191686245,0.8414063188375436,0
1,14.514337294619772,4.731603115463706,4.434186054913065,0
0,-9.085650855296384,2.9288574524884226,6.382463237416956,0
0,9.307196354559945,5.582665687391327,7.575932945570257,0
1,7.862008813919814,3.2289539336803044,4.064702843735253,0
0,-1.379734859179145,5.036354222858317,2.364405897555211,0
0,-1.4003266923965192,4.475345484560966,1.9716872311634115,0
0,1.4742349037309812,4.16985154465076,4.234248708590028,0
0,-12.737382632656308,4.182656892209835,3.7615676548417705,0
0,-10.169672319690491,3.7672029471415502,-1.4286506300010462,0
1,-15.78586921300787,3.7564090389645024,1.0962910584649561,0
0,6.813619352973667,5.433468509244957,-0.2512967191766382,0
1,-1.1201921861885595,2.204884872141162,0.08989638953804446,0
1,2.594723700873781,6.2010954699552325,2.1288450629940194,0
1,8.869835019779039,2.4573069437523203,5.430997756225024,0
0,-8.696677427049588,4.820613554334859,1.0945849857978311,0
0,-2.479579100310679,6.91571273473124,6.338379660909913,0
1,-13.809106812498053,3.4554277536892224,2.0272388955202443,0
0,9.21831847016732,4.1456397795766575,3.4125147436662133,0
0,0.4790074590769747,3.5296757034807538,2.622820306444771,0
0,6.7156596605895595,2.15378132048816,1.950660618904887,0
1,-16.10007346053979,5.251685810979923,4.193706901838321,0
1,6.966457817444629,5.653927076052364,5.050861927506016,0
0,-1.093940153195312,6.1525672190955785,5.247124173428409,0
0,0.3501046325639288,7.031708022385025,2.229233149297084,0
0,-4.283928585051989,6.732592003019491,3.807001788665751,0
0,8.105372696831013,6.612769951202186,5.144067652488662,0
0,8.022347806809933,3.5043089079852026,1.2911161389243984,0
0,6.317652635702505,7.357398594293387,2.4947978494959595,0
1,5.094474343508534,6.303125388574763,9.46817034121442,0
0,-2.5730651725884086,3.177007196457339,4.804320746356794,0
1,-7.07437136396892,3.3382567915110086,3.7816563118852144,0
0,2.277892068223483,5.044294285163542,3.144526430358441,0
0,-5.821632151226259,6.93715437038502,2.925184834477911,0
1,1.3412416178694504,3.093529949465876,2.964791078997659,0
0,7.478624075201631,6.765506391748625,5.6022335417100475,0
0,1.7293973226439197,3.3264948371462584,-1.2831405478534874,0
1,-4.807013223496832,3.995439046349558,2.3354913255369545,0
0,-6.753035701230448,4.618939639657468,2.3374686739753985,0
0,-9.610739410337244,4.504678585900406,1.972570693823543,0
0,10.96221923900758,5.47332584505398,0.8728206712656643,0
1,3.0886348391503646,4.053565057615134,3.547743566527914,0
1,-15.38787372396458,5.605621238793888,2.790400261462858,0
1,-1.493374469442934,5.359371017207301,2.742761193471318,0
0,7.943067444477096,6.786049824462625,6.68731897439568,0
0,1.7326849508275834,5.683768100757368,0.1529917819975095,0
1,-5.104735569803533,4.473984270310857,0.6443375373680928,0
1,-5.624920298265693,8.174343938382767,6.439132456306787,0
0,10.596369047857683,3.8859350827403722,1.8021432348066804,0
0,0.5637560564607876,4.1831937942752715,-2.2535122813867217,0
0,-0.743291276211806,4.946091929405621,3.634559054453388,0
0,0.18248867310333725,4.438902562984297,4.29073333627663,0
1,0.6051421604190612,3.9264500486807123,-1.427469093681367,0
1,-7.801491755233788,3.4778963060903383,1.585415803709521,0
1,0.5558602362874547,4.219583031157992,-0.36144812286042516,0
0,-4.696059464528416,5.963317329990546,-1.158301158513968,0
1,6.389972058415382,7.304097580120351,1.5661771712730257,0
1,-12.66781542604631,5.963654426262243,0.6061851520034898,0
0,13.686467265125113,2.5700348707136267,3.9534904148961374,0
0,4.722979712405115,6.201483436628687,6.659952001720612,0
1,-1.9429882421593812,6.8950460506129145,3.201881507392893,0
0,23.395408622654916,5.593202802852363,4.333140476686061,0
0,-0.18590270813320237,5.810346768040377,2.4503132544205064,0
0,-1.7780130736999702,4.164209235362197,-1.1063060073014839,0
0,-1.0287056282998146,5.439258917025671,2.7612249321713205,0
1,-6.588492238272763,6.799300360052671,6.900728321845001,0
0,-3.297632889485855,5.723940132490379,4.128639579397595,0
0,0.16538488152799077,5.430952478355675,6.468141769600976,0
0,6.995579105430124,6.226457888195013,5.044536715668077,0
0,6.959568519409982,1.1561585269388064,4.271324484070815,0
1,15.485180474524197,4.180452873267485,2.893231054817997,0
0,-12.29805210093191,6.216898636241915,1.1689980294041138,0
0,-0.3017600805731556,6.1264973056266125,6.389579868917899,0
1,-4.764917542353187,9.986966692646469,-1.4175609532524982,0
1,-5.2065563191854025,4.906324262260693,3.9713517387462582,0
0,-0.4728632885681643,2.942846855846772,3.59859942272784,0
1,5.295228127463402,4.02455965104099,6.114943728443963,0
1,-9.062643299332361,3.236860311358372,2.820669122030845,0
0,8.68571131392972,5.2835481264326445,2.385768375795956,0
0,-4.155390526599671,6.2934037968792325,2.39656729023201,0
1,-13.411059942297864,3.0996359964792775,1.8696528486407549,0
1,-3.8906440677166043,3.3314711873965237,2.7976614099073616,0
1,0.10850262109218752,6.340758082680448,2.772577345363361,0
1,-5.235191115394196,1.9330905559356508,5.2663861927431626,0
0,5.243405261037595,7.181137190212409,3.881807393060747,0
1,2.3452501910791246,5.321185632634748,1.5238287799565333,0
0,5.353780867391151,5.348091560210638,5.308398459033704,0
0,9.539934817782402,1.881350427403103,2.6885655957608816,0
0,8.158771837002627,1.897113296038233,3.014813247513951,0
0,4.888381293130545,2.493827439808443,5.983197024532101,0
1,1.8333643663881185,5.206728136245493,3.154050870033876,0
1,-3.352159567574447,7.252851100501571,2.2915325164857294,0
1,7.235457132211,4.5083701339398194,2.661103066230335,0
0,5.271668659931105,5.720439868040442,1.9171939466925165,0
1,3.9650794170194854,5.694953509519076,3.8810441905318585,0
1,-4.959777492991007,7.488111359108817,0.5718509412942971,0
0,-7.130866623530969,3.418978785589073,4.289762215437384,0
0,0.22858171974225933,4.616248103815313,7.001183396107682,0
1,7.175048449201543,10.01553726644495,4.687190711502614,0
1,-4.405795502109152,5.295776447135207,6.053570803575155,0
1,-2.2149859303008843,4.285441886167508,5.1494776353715945,0
0,3.595328326801352,2.4465266808066626,0.4810267711822762,0
0,-7.899212350824873,6.483960767720849,5.992521729536888,0
0,-14.549859513970349,8.022517108145106,1.785555666601183,0
1,-11.93611877235167,3.1477199837080247,4.1454233927339335,0
0,-5.769912304143444,4.96959135148385,4.185658104845865,0
0,-10.937640131990419,5.176085181789102,-0.9433361192859584,0
0,-1.1500441074976686,5.174610004869006,4.691229994296393,0
1,-10.937871761498869,4.21785183644349,1.6477710393938747,0
1,-2.237834206913948,6.391232150833858,-0.2698536129287068,0
1,-3.361694677332222,6.1339024937239595,4.499264142859166,0
0,7.1079267761752725,5.76422042076671,1.9417996436885239,0
0,-7.377923658137087,4.716253201568669,5.9199606214697305,0
0,7.559845200524229,4.597350602916832,3.647737674898622,0
0,-2.007900470104749,4.688722271366353,-0.6302535623094041,0
0,-1.4687646970020531,3.46054615292088,0.7004786769521076,0
0,-3.7317209107739875,5.405331880940986,0.8214564496901025,0
0,19.056275019175807,8.637221262539136,4.358029148977902,0
0,4.92708638143382,3.9030078170884583,1.4446044548059245,0
1,-7.391930143780994,7.358313939207257,5.599959243423946,0
0,-1.4744468659756977,6.027369172225388,2.5661227350555293,0
0,8.991181345512135,5.460182896492739,2.7349349972233634,0
0,0.4533604242970395,3.2128173648995655,6.539562866897432,0
0,4.257444551486574,6.649487464925411,2.797254611644158,1
0,-7.7677425924539225,3.643869187771706,0.3753814204271131,0
0,-0.4236516062109386,4.3352163101990575,-3.692766303339705,0
0,-5.258885576100105,4.771921428461047,3.0884509532942594,0
0,3.3533452784555973,6.97842864593687,1.182176069815201,0
0,-7.458764879355557,4.611889107139673,0.18278471812219088,0
1,8.408288057859334,4.646908572895759,6.011775372940691,0
1,-19.548366046754374,4.310061868242937,1.499894749646445,0
0,-6.990080562335872,4.355223726232255,2.2447774039159865,0
0,6.388197821507796,5.440512134999028,-0.38194874109665156,0
1,-11.512558879292605,5.376021360400547,2.7262858606002247,0
0,0.12359234876101197,4.138792089041218,0.03752016106958189,0
1,-4.025742835654772,4.093706164312483,0.8526113625082825,0
1,-4.865002770042145,5.117213304357607,2.210734499322154,0
0,8.974429798690727,6.075657994946086,4.882503418392129,0
0,7.495990100152582,6.399349433890354,5.585391952490774,0
1,10.059437912817257,5.277406925954913,-2.2298423448358546,0
1,-9.760351461742347,5.610865942120744,-1.6229661724544702,0
1,1.3123714153431594,5.134740562849033,5.947888373255117,0
